,shape,solver,time
0,"(10, 10)",svd,0.016014575958251953
1,"(10, 10)",eigh,0.0070073604583740234
2,"(10, 20)",svd,0.007004976272583008
3,"(10, 20)",eigh,0.0020051002502441406
4,"(10, 40)",svd,0.0070037841796875
5,"(10, 40)",eigh,0.0020029544830322266
6,"(10, 100)",svd,0.006005048751831055
7,"(10, 100)",eigh,0.003001689910888672
8,"(10, 210)",svd,0.009008407592773438
9,"(10, 210)",eigh,0.008006811141967773
10,"(10, 460)",svd,0.0050046443939208984
11,"(10, 460)",eigh,0.021019697189331055
12,"(10, 1000)",svd,0.0070056915283203125
13,"(10, 1000)",eigh,0.1511387825012207
14,"(10, 2150)",svd,0.05505013465881348
15,"(10, 2150)",eigh,1.114013671875
16,"(10, 4640)",svd,0.03903484344482422
17,"(10, 4640)",eigh,9.652104139328003
18,"(10, 10000)",svd,0.019017934799194336
19,"(10, 10000)",eigh,89.20785236358643
20,"(20, 10)",svd,0.0570528507232666
21,"(20, 10)",eigh,0.09708738327026367
22,"(20, 20)",svd,0.059058189392089844
23,"(20, 20)",eigh,0.057051897048950195
24,"(20, 40)",svd,0.03963637351989746
25,"(20, 40)",eigh,0.002001523971557617
26,"(20, 100)",svd,0.05606436729431152
27,"(20, 100)",eigh,0.0019884109497070312
28,"(20, 210)",svd,0.05614113807678223
29,"(20, 210)",eigh,0.004004240036010742
30,"(20, 460)",svd,0.061258554458618164
31,"(20, 460)",eigh,0.018904447555541992
32,"(20, 1000)",svd,0.018016576766967773
33,"(20, 1000)",eigh,0.12298727035522461
34,"(20, 2150)",svd,0.014985322952270508
35,"(20, 2150)",eigh,0.9478616714477539
36,"(20, 4640)",svd,0.05555558204650879
37,"(20, 4640)",eigh,10.271839380264282
38,"(20, 10000)",svd,0.022020816802978516
39,"(20, 10000)",eigh,98.05129623413086
40,"(40, 10)",svd,0.031028032302856445
41,"(40, 10)",eigh,0.10209417343139648
42,"(40, 20)",svd,0.01901531219482422
43,"(40, 20)",eigh,0.06105518341064453
44,"(40, 40)",svd,0.0620570182800293
45,"(40, 40)",eigh,0.06505942344665527
46,"(40, 100)",svd,0.00700688362121582
47,"(40, 100)",eigh,0.003003358840942383
48,"(40, 210)",svd,0.06605911254882812
49,"(40, 210)",eigh,0.005003929138183594
50,"(40, 460)",svd,0.06605982780456543
51,"(40, 460)",eigh,0.020018339157104492
52,"(40, 1000)",svd,0.06406140327453613
53,"(40, 1000)",eigh,0.13011837005615234
54,"(40, 2150)",svd,0.018017053604125977
55,"(40, 2150)",eigh,1.122772216796875
56,"(40, 4640)",svd,0.04704141616821289
57,"(40, 4640)",eigh,9.632064819335938
58,"(40, 10000)",svd,0.07506847381591797
59,"(40, 10000)",eigh,95.49031686782837
60,"(100, 10)",svd,0.029026269912719727
61,"(100, 10)",eigh,0.047041893005371094
62,"(100, 20)",svd,0.05805349349975586
63,"(100, 20)",eigh,0.06005430221557617
64,"(100, 40)",svd,0.016014575958251953
65,"(100, 40)",eigh,0.0570521354675293
66,"(100, 100)",svd,0.06505918502807617
67,"(100, 100)",eigh,0.017016172409057617
68,"(100, 210)",svd,0.030025959014892578
69,"(100, 210)",eigh,0.00600743293762207
70,"(100, 460)",svd,0.06806063652038574
71,"(100, 460)",eigh,0.021019697189331055
72,"(100, 1000)",svd,0.07506847381591797
73,"(100, 1000)",eigh,0.12311196327209473
74,"(100, 2150)",svd,0.06906342506408691
75,"(100, 2150)",eigh,1.0169248580932617
76,"(100, 4640)",svd,0.0770723819732666
77,"(100, 4640)",eigh,9.727842092514038
78,"(100, 10000)",svd,0.10009002685546875
79,"(100, 10000)",eigh,90.43684029579163
80,"(210, 10)",svd,0.006005525588989258
81,"(210, 10)",eigh,0.09508752822875977
82,"(210, 20)",svd,0.07206559181213379
83,"(210, 20)",eigh,0.06305646896362305
84,"(210, 40)",svd,0.06505990028381348
85,"(210, 40)",eigh,0.06806135177612305
86,"(210, 100)",svd,0.06706047058105469
87,"(210, 100)",eigh,0.06405878067016602
88,"(210, 210)",svd,0.07506799697875977
89,"(210, 210)",eigh,0.06906247138977051
90,"(210, 460)",svd,0.0790719985961914
91,"(210, 460)",eigh,0.02302098274230957
92,"(210, 1000)",svd,0.06306076049804688
93,"(210, 1000)",eigh,0.14012384414672852
94,"(210, 2150)",svd,0.1141045093536377
95,"(210, 2150)",eigh,1.043950080871582
96,"(210, 4640)",svd,0.12111163139343262
97,"(210, 4640)",eigh,9.615741729736328
98,"(210, 10000)",svd,0.16915392875671387
99,"(210, 10000)",eigh,90.32373642921448
100,"(460, 10)",svd,0.008007287979125977
101,"(460, 10)",eigh,0.03803515434265137
102,"(460, 20)",svd,0.008007526397705078
103,"(460, 20)",eigh,0.07006335258483887
104,"(460, 40)",svd,0.054048776626586914
105,"(460, 40)",eigh,0.08107376098632812
106,"(460, 100)",svd,0.08207535743713379
107,"(460, 100)",eigh,0.07806992530822754
108,"(460, 210)",svd,0.07907223701477051
109,"(460, 210)",eigh,0.022019386291503906
110,"(460, 460)",svd,0.12711548805236816
111,"(460, 460)",eigh,0.0990908145904541
112,"(460, 1000)",svd,0.15214014053344727
113,"(460, 1000)",eigh,0.1461317539215088
114,"(460, 2150)",svd,0.20218324661254883
115,"(460, 2150)",eigh,1.00691556930542
116,"(460, 4640)",svd,0.2642397880554199
117,"(460, 4640)",eigh,9.623390913009644
118,"(460, 10000)",svd,0.4153778553009033
119,"(460, 10000)",eigh,93.83080005645752
120,"(1000, 10)",svd,0.006006479263305664
121,"(1000, 10)",eigh,0.047041893005371094
122,"(1000, 20)",svd,0.011009931564331055
123,"(1000, 20)",eigh,0.07306623458862305
124,"(1000, 40)",svd,0.10209298133850098
125,"(1000, 40)",eigh,0.10509538650512695
126,"(1000, 100)",svd,0.10709714889526367
127,"(1000, 100)",eigh,0.01801753044128418
128,"(1000, 210)",svd,0.12311363220214844
129,"(1000, 210)",eigh,0.10909676551818848
130,"(1000, 460)",svd,0.18416738510131836
131,"(1000, 460)",eigh,0.13011908531188965
132,"(1000, 1000)",svd,0.3693380355834961
133,"(1000, 1000)",eigh,0.2812533378601074
134,"(1000, 2150)",svd,0.6415841579437256
135,"(1000, 2150)",eigh,1.2638959884643555
136,"(1000, 4640)",svd,0.9638760089874268
137,"(1000, 4640)",eigh,10.057524681091309
138,"(1000, 10000)",svd,1.5754334926605225
139,"(1000, 10000)",eigh,93.95306539535522
140,"(2150, 10)",svd,0.01000833511352539
141,"(2150, 10)",eigh,0.03803443908691406
142,"(2150, 20)",svd,0.026024341583251953
143,"(2150, 20)",eigh,0.13412165641784668
144,"(2150, 40)",svd,0.031028032302856445
145,"(2150, 40)",eigh,0.13512301445007324
146,"(2150, 100)",svd,0.03203105926513672
147,"(2150, 100)",eigh,0.1331193447113037
148,"(2150, 210)",svd,0.1681530475616455
149,"(2150, 210)",eigh,0.14513158798217773
150,"(2150, 460)",svd,0.2952694892883301
151,"(2150, 460)",eigh,0.1731574535369873
152,"(2150, 1000)",svd,0.6505939960479736
153,"(2150, 1000)",eigh,0.37934279441833496
154,"(2150, 2150)",svd,3.037769317626953
155,"(2150, 2150)",eigh,1.6424922943115234
156,"(2150, 4640)",svd,4.360964775085449
157,"(2150, 4640)",eigh,11.373339653015137
158,"(2150, 10000)",svd,6.593994855880737
159,"(2150, 10000)",eigh,93.20475888252258
160,"(4640, 10)",svd,0.020016908645629883
161,"(4640, 10)",eigh,0.044040679931640625
162,"(4640, 20)",svd,0.05304908752441406
163,"(4640, 20)",eigh,0.015014171600341797
164,"(4640, 40)",svd,0.03903460502624512
165,"(4640, 40)",eigh,0.2151956558227539
166,"(4640, 100)",svd,0.24322104454040527
167,"(4640, 100)",eigh,0.220200777053833
168,"(4640, 210)",svd,0.27625179290771484
169,"(4640, 210)",eigh,0.24622368812561035
170,"(4640, 460)",svd,0.6005492210388184
171,"(4640, 460)",eigh,0.26824188232421875
172,"(4640, 1000)",svd,1.9878089427947998
173,"(4640, 1000)",eigh,0.5104618072509766
174,"(4640, 2150)",svd,7.3907201290130615
175,"(4640, 2150)",eigh,2.0078253746032715
176,"(4640, 4640)",svd,27.215744256973267
177,"(4640, 4640)",eigh,13.427207231521606
178,"(4640, 10000)",svd,41.907105684280396
179,"(4640, 10000)",eigh,98.82284474372864
180,"(10000, 10)",svd,0.06305861473083496
181,"(10000, 10)",eigh,0.09708738327026367
182,"(10000, 20)",svd,0.09108400344848633
183,"(10000, 20)",eigh,0.02802443504333496
184,"(10000, 40)",svd,0.07707047462463379
185,"(10000, 40)",eigh,0.0620572566986084
186,"(10000, 100)",svd,0.13512325286865234
187,"(10000, 100)",eigh,0.4584167003631592
188,"(10000, 210)",svd,0.6856241226196289
189,"(10000, 210)",eigh,0.4213829040527344
190,"(10000, 460)",svd,0.8637833595275879
191,"(10000, 460)",eigh,0.4854426383972168
192,"(10000, 1000)",svd,5.033576726913452
193,"(10000, 1000)",eigh,0.8137402534484863
194,"(10000, 2150)",svd,18.21756386756897
195,"(10000, 2150)",eigh,2.6454038619995117
196,"(10000, 4640)",svd,72.08836793899536
197,"(10000, 4640)",eigh,15.527116298675537
198,"(10000, 10000)",svd,260.91021251678467
199,"(10000, 10000)",eigh,116.10355758666992
