,solver,tol,train_loss,train_time,train_score,test_score,n_iter,converged
0,liblinear,0.1,0.31648893715734616,0.08991516000060074,0.8944187321113208,0.896013152486642,4,True
1,newton-cd,0.1,0.31283998375272853,2.6456448459994135,0.8954235430241764,0.8964241676942046,2,True
2,newton-cd-gram,0.1,0.3128399837527345,0.24723306400119327,0.8954235430241764,0.8964241676942046,2,True
3,saga,0.1,0.3132764040022557,0.36187182600042433,0.8940990195481395,0.8957391423482669,2,True
4,liblinear,0.01,0.311081439706021,0.2888328549997823,0.8945253029657146,0.8962871626250172,7,True
5,newton-cd,0.01,0.3105627651884147,5.5193718030004675,0.8948602399366664,0.8965611727633922,3,True
6,newton-cd-gram,0.01,0.31056276518841813,0.37428908000038064,0.8948602399366664,0.8965611727633922,3,True
7,saga,0.01,0.3114515680851413,1.6366866490006942,0.894449180926862,0.8966981778325798,12,True
8,liblinear,0.001,0.310701394058462,4.4743581430011545,0.8948145667133548,0.8964241676942046,12,True
9,newton-cd,0.001,0.3105118297060846,7.743557761999909,0.8948297911211254,0.8966981778325798,4,True
10,newton-cd-gram,0.001,0.3105118297060848,0.49290093899981,0.8948297911211254,0.8966981778325798,4,True
11,saga,0.001,0.31082908762276146,16.07670224100002,0.8947841178978138,0.8964241676942046,173,True
12,liblinear,0.0001,0.31052613526436645,7.140963503999956,0.8948297911211254,0.8964241676942046,23,True
13,newton-cd,0.0001,0.31051150840248737,7.9041471969994745,0.8948145667133548,0.8966981778325798,4,True
14,newton-cd-gram,0.0001,0.3105115084024873,0.49093909399925906,0.8948145667133548,0.8966981778325798,4,True
15,saga,0.0001,0.3108002770630328,50.382037438001134,0.8948145667133548,0.8964241676942046,576,True
16,liblinear,1e-05,0.31052542653562404,7.268347471999732,0.8948297911211254,0.8964241676942046,30,True
17,newton-cd,1e-05,0.3105106820696957,18.62671049600067,0.8948145667133548,0.8965611727633922,5,True
18,newton-cd-gram,1e-05,0.3105106820696957,0.6751944410007127,0.8948145667133548,0.8965611727633922,5,True
19,saga,1e-05,0.3106320137176424,816.2706900249996,0.8948145667133548,0.8964241676942046,10000,False
20,liblinear,1e-06,0.31052531555494983,14.207136881999759,0.8948297911211254,0.8964241676942046,34,True
21,newton-cd,1e-06,0.31051066708212577,33.72836058900066,0.8948145667133548,0.8965611727633922,5,True
22,newton-cd-gram,1e-06,0.31051066708212577,0.7601617010004702,0.8948145667133548,0.8965611727633922,5,True
23,liblinear,1e-07,0.3105253146350675,18.160241221999968,0.8948297911211254,0.8964241676942046,43,True
24,newton-cd,1e-07,0.3105106669076793,40.78045593299976,0.8947993423055843,0.8965611727633922,5,True
25,newton-cd-gram,1e-07,0.31051066690767926,0.7941247830003704,0.8947993423055843,0.8965611727633922,5,True
26,liblinear,1e-08,0.3105253145262284,14.268736129999525,0.8948297911211254,0.8964241676942046,45,True
27,newton-cd,1e-08,0.3105106669029011,46.96106153999972,0.8947993423055843,0.8965611727633922,6,True
28,newton-cd-gram,1e-08,0.3105106669029011,0.9391533990001335,0.8947993423055843,0.8965611727633922,6,True
29,liblinear,1e-09,0.3105253145224511,22.46662889900108,0.8948297911211254,0.8964241676942046,56,True
30,newton-cd,1e-09,0.3105106669028817,52.90272623000055,0.8947993423055843,0.8965611727633922,6,True
31,newton-cd-gram,1e-09,0.31051066690288165,0.9777518640003109,0.8947993423055843,0.8965611727633922,6,True
32,liblinear,1e-10,0.3105253145222212,25.45914526999877,0.8948297911211254,0.8964241676942046,62,True
33,newton-cd,1e-10,0.3105106669028813,61.59558688600009,0.8947993423055843,0.8965611727633922,7,True
34,newton-cd-gram,1e-10,0.31051066690288126,1.0723539659993548,0.8947993423055843,0.8965611727633922,7,True
