,solver,tol,train_loss,train_time,train_score,test_score,n_iter,converged
0,lbfgs,0.1,0.3328464306664338,0.1568592080000002,-0.06578227523845315,-0.0629014036983826,1,True
1,newton-cholesky,0.1,0.31729094111807243,1.794933960999999,0.011880078358725843,0.014101632590573732,4,True
2,newton-lsmr,0.1,0.33284730619356984,0.10990394800000125,-0.06493987325911132,-0.0621002203614911,1,True
3,lbfgs,0.01,0.32086273935645043,0.5748236700000007,-0.0076780417274056045,-0.003056226093261838,26,True
4,newton-cholesky,0.01,0.31729094111807243,1.7936140090000006,0.011880078358725843,0.014101632590573732,4,True
5,newton-lsmr,0.01,0.31863852553800315,0.41231801900000065,0.008580687820465283,0.01371244194384491,5,True
6,lbfgs,0.001,0.31741231642380835,1.3592492010000008,0.011811043601410498,0.015408039872510715,68,True
7,newton-cholesky,0.001,0.31729085187651745,2.570345646,0.011670151286868546,0.013880821446634606,5,True
8,newton-lsmr,0.001,0.31742643413500543,0.6693768009999985,0.01239395947692612,0.015772932368628978,7,True
9,lbfgs,0.0001,0.317300109787434,2.238616405000002,0.01166594937993326,0.014155555529423824,144,True
10,newton-cholesky,0.0001,0.31729085187651745,2.2967912800000008,0.011670151286868546,0.013880821446634606,5,True
11,newton-lsmr,0.0001,0.31729172874935235,1.520520401999999,0.01166097053134929,0.014096515126025944,11,True
12,lbfgs,1e-05,0.3172909058214589,10.303108182999999,0.011671030894082612,0.013906835724472155,511,True
13,newton-cholesky,1e-05,0.31729085187651745,2.408206884000002,0.011670151286868546,0.013880821446634606,5,True
14,newton-lsmr,1e-05,0.31729085206795365,3.0450405799999984,0.01166943020523914,0.013883623072997509,13,True
15,lbfgs,1e-06,0.31729085252280576,17.056145529,0.011669750764930265,0.013886281063097972,803,True
16,newton-cholesky,1e-06,0.3172908518762614,2.6334133339999966,0.01166979063385798,0.013880437261636569,6,True
17,newton-lsmr,1e-06,0.31729085206795365,2.2450832960000042,0.01166943020523914,0.013883623072997509,13,True
18,lbfgs,1e-07,0.3172908519235468,21.400960893999994,0.01166940704806152,0.01388136116105576,968,True
19,newton-cholesky,1e-07,0.3172908518762614,2.9557852159999953,0.01166979063385798,0.013880437261636569,6,True
20,newton-lsmr,1e-07,0.3172908518765494,4.061439614999998,0.01166978858045764,0.013880444507335388,14,True
21,lbfgs,1e-08,0.3172908519235468,29.643747852000004,0.01166940704806152,0.01388136116105576,968,True
22,newton-cholesky,1e-08,0.3172908518762614,3.364965819999995,0.01166979063385798,0.013880437261636569,6,True
23,newton-lsmr,1e-08,0.3172908518765385,4.980567815000001,0.01166979061893314,0.013880437369793941,15,True
24,lbfgs,1e-09,0.3172908519235468,27.999971627999997,0.01166940704806152,0.01388136116105576,968,True
25,newton-cholesky,1e-09,0.3172908518762614,3.597727176999996,0.01166979063385798,0.013880437261636569,6,True
26,newton-lsmr,1e-09,0.3172908518765385,5.269328667999986,0.01166979061893314,0.013880437369793941,15,True
27,lbfgs,1e-10,0.3172908519235468,23.707749307,0.01166940704806152,0.01388136116105576,968,True
28,newton-cholesky,1e-10,0.3172908518762614,3.542311156000011,0.01166979063385798,0.013880437261636569,6,True
29,newton-lsmr,1e-10,0.3172908518765385,6.0300828469999885,0.01166979061893314,0.013880437369793941,15,True
30,lbfgs,1e-11,0.3172908519235468,26.626907724000006,0.01166940704806152,0.01388136116105576,968,True
31,newton-cholesky,1e-11,0.3172908518762615,3.5431054670000037,0.011669790632795718,0.01388043726049748,7,True
32,newton-lsmr,1e-11,0.3172908518765385,5.056590057000022,0.01166979061893314,0.013880437369793941,15,True
