,tol,stopping_ratio,c0,c1,c2,track_loss,total_time,train_loss,iteration,time,loss,fallback_lbfgs,inner_iteration,suboptimality
0,1e-10,atol,0.5,1.0,0.5,False,776.786443681,5.858406656578066e-10,1,25.415762736999998,1.2727637533002378e-05,False,163,1.2727637533102379e-05
1,1e-10,atol,0.5,1.0,0.5,False,776.786443681,5.858406656578066e-10,2,195.372067616,4.44778463742515e-06,False,1258,4.4477846375251495e-06
2,1e-10,atol,0.5,1.0,0.5,False,776.786443681,5.858406656578066e-10,3,197.52917399400002,1.6231242442116378e-06,False,1265,1.6231242443116379e-06
3,1e-10,atol,0.5,1.0,0.5,False,776.786443681,5.858406656578066e-10,4,200.138937214,6.045957507914208e-07,False,1277,6.045957508914208e-07
4,1e-10,atol,0.5,1.0,0.5,False,776.786443681,5.858406656578066e-10,5,206.100920287,2.248940521262628e-07,False,1312,2.248940522262628e-07
5,1e-10,atol,0.5,1.0,0.5,False,776.786443681,5.858406656578066e-10,6,216.395041324,8.354516695340428e-08,False,1383,8.354516705340427e-08
6,1e-10,atol,0.5,1.0,0.5,False,776.786443681,5.858406656578066e-10,7,233.286615894,3.122796440280297e-08,False,1501,3.1227964502802975e-08
7,1e-10,atol,0.5,1.0,0.5,False,776.786443681,5.858406656578066e-10,8,259.02778207200004,1.193256412856004e-08,False,1686,1.193256422856004e-08
8,1e-10,atol,0.5,1.0,0.5,False,776.786443681,5.858406656578066e-10,9,351.97955227000006,4.703040136896082e-09,False,2339,4.703040236896082e-09
9,1e-10,atol,0.5,1.0,0.5,False,776.786443681,5.858406656578066e-10,10,487.846414136,1.9676914633194367e-09,False,3305,1.9676915633194367e-09
10,1e-10,atol,0.5,1.0,0.5,False,776.786443681,5.858406656578066e-10,11,627.119688335,9.628123289063247e-10,False,4310,9.628124289063247e-10
11,1e-10,atol,0.5,1.0,0.5,False,776.786443681,5.858406656578066e-10,12,776.7534583610001,5.858406656578066e-10,False,5381,5.858407656578066e-10
12,1e-10,atol,0.5,1.0,0.5,True,740.0617361019999,5.858406656578066e-10,1,23.475489331000063,1.2727637533002378e-05,False,163,1.2727637533102379e-05
13,1e-10,atol,0.5,1.0,0.5,True,740.0617361019999,5.858406656578066e-10,2,176.2194282590001,4.44778463742515e-06,False,1258,4.4477846375251495e-06
14,1e-10,atol,0.5,1.0,0.5,True,740.0617361019999,5.858406656578066e-10,3,177.52186937500005,1.6231242442116378e-06,False,1265,1.6231242443116379e-06
15,1e-10,atol,0.5,1.0,0.5,True,740.0617361019999,5.858406656578066e-10,4,179.48081567200006,6.045957507914208e-07,False,1277,6.045957508914208e-07
16,1e-10,atol,0.5,1.0,0.5,True,740.0617361019999,5.858406656578066e-10,5,184.5203622570001,2.248940521262628e-07,False,1312,2.248940522262628e-07
17,1e-10,atol,0.5,1.0,0.5,True,740.0617361019999,5.858406656578066e-10,6,194.47971907600015,8.354516695340428e-08,False,1383,8.354516705340427e-08
18,1e-10,atol,0.5,1.0,0.5,True,740.0617361019999,5.858406656578066e-10,7,210.73524979400008,3.122796440280297e-08,False,1501,3.1227964502802975e-08
19,1e-10,atol,0.5,1.0,0.5,True,740.0617361019999,5.858406656578066e-10,8,235.8452507710001,1.193256412856004e-08,False,1686,1.193256422856004e-08
20,1e-10,atol,0.5,1.0,0.5,True,740.0617361019999,5.858406656578066e-10,9,324.50032287,4.703040136896082e-09,False,2339,4.703040236896082e-09
21,1e-10,atol,0.5,1.0,0.5,True,740.0617361019999,5.858406656578066e-10,10,456.54531088700014,1.9676914633194367e-09,False,3305,1.9676915633194367e-09
22,1e-10,atol,0.5,1.0,0.5,True,740.0617361019999,5.858406656578066e-10,11,595.2662157550001,9.628123289063247e-10,False,4310,9.628124289063247e-10
23,1e-10,atol,0.5,1.0,0.5,True,740.0617361019999,5.858406656578066e-10,12,740.027329899,5.858406656578066e-10,False,5381,5.858407656578066e-10
24,1e-10,atol,-1.0,,,False,253.8153485979999,7.461774975903205e-09,1,15.491495021999981,3.5374260133320345e-05,False,113,3.537426013342034e-05
25,1e-10,atol,-1.0,,,False,253.8153485979999,7.461774975903205e-09,2,222.42277234200014,1.187256263195571e-05,False,1663,1.187256263205571e-05
26,1e-10,atol,-1.0,,,False,253.8153485979999,7.461774975903205e-09,3,222.91058309000027,1.0955022838539468e-05,False,1664,1.0955022838639469e-05
27,1e-10,atol,-1.0,,,False,253.8153485979999,7.461774975903205e-09,4,225.56068964100018,3.9673340499420585e-06,False,1682,3.967334050042058e-06
28,1e-10,atol,-1.0,,,False,253.8153485979999,7.461774975903205e-09,5,226.16462330100035,3.7984102126172466e-06,False,1684,3.7984102127172464e-06
29,1e-10,atol,-1.0,,,False,253.8153485979999,7.461774975903205e-09,6,227.87050123200038,1.4135686800203256e-06,False,1695,1.4135686801203257e-06
30,1e-10,atol,-1.0,,,False,253.8153485979999,7.461774975903205e-09,7,228.71692924200033,6.013585907029606e-07,False,1699,6.013585908029606e-07
31,1e-10,atol,-1.0,,,False,253.8153485979999,7.461774975903205e-09,8,230.21540572400022,2.558026671587241e-07,False,1708,2.5580266725872414e-07
32,1e-10,atol,-1.0,,,False,253.8153485979999,7.461774975903205e-09,9,232.62259684300034,1.0924278911612438e-07,False,1724,1.0924278921612437e-07
33,1e-10,atol,-1.0,,,False,253.8153485979999,7.461774975903205e-09,10,236.8181123520003,4.563005026016136e-08,False,1754,4.563005036016136e-08
34,1e-10,atol,-1.0,,,False,253.8153485979999,7.461774975903205e-09,11,243.78283047300033,1.847582580431923e-08,False,1803,1.8475825904319228e-08
35,1e-10,atol,-1.0,,,False,253.8153485979999,7.461774975903205e-09,12,253.78337928700034,7.461774975903205e-09,False,1874,7.461775075903205e-09
36,1e-10,atol,-1.0,,,True,256.983523892,7.461774975903205e-09,1,15.253846834999877,3.5374260133320345e-05,False,113,3.537426013342034e-05
37,1e-10,atol,-1.0,,,True,256.983523892,7.461774975903205e-09,2,225.00347026199984,1.187256263195571e-05,False,1663,1.187256263205571e-05
38,1e-10,atol,-1.0,,,True,256.983523892,7.461774975903205e-09,3,225.50887929600003,1.0955022838539468e-05,False,1664,1.0955022838639469e-05
39,1e-10,atol,-1.0,,,True,256.983523892,7.461774975903205e-09,4,228.23780221900006,3.9673340499420585e-06,False,1682,3.967334050042058e-06
40,1e-10,atol,-1.0,,,True,256.983523892,7.461774975903205e-09,5,228.86228693800012,3.7984102126172466e-06,False,1684,3.7984102127172464e-06
41,1e-10,atol,-1.0,,,True,256.983523892,7.461774975903205e-09,6,230.64514911100014,1.4135686800203256e-06,False,1695,1.4135686801203257e-06
42,1e-10,atol,-1.0,,,True,256.983523892,7.461774975903205e-09,7,231.51730753100014,6.013585907029606e-07,False,1699,6.013585908029606e-07
43,1e-10,atol,-1.0,,,True,256.983523892,7.461774975903205e-09,8,233.05042768800013,2.558026671587241e-07,False,1708,2.5580266725872414e-07
44,1e-10,atol,-1.0,,,True,256.983523892,7.461774975903205e-09,9,235.499388296,1.0924278911612438e-07,False,1724,1.0924278921612437e-07
45,1e-10,atol,-1.0,,,True,256.983523892,7.461774975903205e-09,10,239.84286934700003,4.563005026016136e-08,False,1754,4.563005036016136e-08
46,1e-10,atol,-1.0,,,True,256.983523892,7.461774975903205e-09,11,246.85535329300023,1.847582580431923e-08,False,1803,1.8475825904319228e-08
47,1e-10,atol,-1.0,,,True,256.983523892,7.461774975903205e-09,12,256.95058165000023,7.461774975903205e-09,False,1874,7.461775075903205e-09
48,1e-10,atol,-2.0,,,False,148.31402759599973,1.6481689022029641e-09,1,15.674503818999938,3.5374260133320345e-05,False,113,3.537426013342034e-05
49,1e-10,atol,-2.0,,,False,148.31402759599973,1.6481689022029641e-09,2,82.85255998699972,1.1873261711790897e-05,False,610,1.1873261711890897e-05
50,1e-10,atol,-2.0,,,False,148.31402759599973,1.6481689022029641e-09,3,83.36718569399977,1.0955728537096849e-05,False,611,1.095572853719685e-05
51,1e-10,atol,-2.0,,,False,148.31402759599973,1.6481689022029641e-09,4,84.29077410700006,4.297878729941118e-06,False,615,4.297878730041118e-06
52,1e-10,atol,-2.0,,,False,148.31402759599973,1.6481689022029641e-09,5,85.22249662399986,1.6543657097376816e-06,False,619,1.6543657098376817e-06
53,1e-10,atol,-2.0,,,False,148.31402759599973,1.6481689022029641e-09,6,86.15092731699974,6.782644090168385e-07,False,623,6.782644091168384e-07
54,1e-10,atol,-2.0,,,False,148.31402759599973,1.6481689022029641e-09,7,87.87830696399965,2.8521765819712366e-07,False,633,2.852176582971237e-07
55,1e-10,atol,-2.0,,,False,148.31402759599973,1.6481689022029641e-09,8,90.30367889199965,1.226915327500866e-07,False,649,1.226915328500866e-07
56,1e-10,atol,-2.0,,,False,148.31402759599973,1.6481689022029641e-09,9,94.84610629399981,5.115338169521225e-08,False,681,5.115338179521225e-08
57,1e-10,atol,-2.0,,,False,148.31402759599973,1.6481689022029641e-09,10,102.78411380399962,2.0499066566203755e-08,False,736,2.0499066666203753e-08
58,1e-10,atol,-2.0,,,False,148.31402759599973,1.6481689022029641e-09,11,114.70342046699966,8.162065561588161e-09,False,820,8.162065661588161e-09
59,1e-10,atol,-2.0,,,False,148.31402759599973,1.6481689022029641e-09,12,129.85096581399944,3.4272640715902148e-09,False,929,3.4272641715902148e-09
60,1e-10,atol,-2.0,,,False,148.31402759599973,1.6481689022029641e-09,13,148.27874910599962,1.6481689022029641e-09,False,1064,1.6481690022029642e-09
61,1e-10,atol,-2.0,,,True,148.07410276799965,1.6481689022029641e-09,1,15.658459056000083,3.5374260133320345e-05,False,113,3.537426013342034e-05
62,1e-10,atol,-2.0,,,True,148.07410276799965,1.6481689022029641e-09,2,82.49220817600008,1.1873261711790897e-05,False,610,1.1873261711890897e-05
63,1e-10,atol,-2.0,,,True,148.07410276799965,1.6481689022029641e-09,3,82.9858748470001,1.0955728537096849e-05,False,611,1.095572853719685e-05
64,1e-10,atol,-2.0,,,True,148.07410276799965,1.6481689022029641e-09,4,83.87584427100046,4.297878729941118e-06,False,615,4.297878730041118e-06
65,1e-10,atol,-2.0,,,True,148.07410276799965,1.6481689022029641e-09,5,84.77319938600021,1.6543657097376816e-06,False,619,1.6543657098376817e-06
66,1e-10,atol,-2.0,,,True,148.07410276799965,1.6481689022029641e-09,6,85.6579443810001,6.782644090168385e-07,False,623,6.782644091168384e-07
67,1e-10,atol,-2.0,,,True,148.07410276799965,1.6481689022029641e-09,7,87.32413881000002,2.8521765819712366e-07,False,633,2.852176582971237e-07
68,1e-10,atol,-2.0,,,True,148.07410276799965,1.6481689022029641e-09,8,89.80721046200006,1.226915327500866e-07,False,649,1.226915328500866e-07
69,1e-10,atol,-2.0,,,True,148.07410276799965,1.6481689022029641e-09,9,94.29604262000021,5.115338169521225e-08,False,681,5.115338179521225e-08
70,1e-10,atol,-2.0,,,True,148.07410276799965,1.6481689022029641e-09,10,101.80269980899993,2.0499066566203755e-08,False,736,2.0499066666203753e-08
71,1e-10,atol,-2.0,,,True,148.07410276799965,1.6481689022029641e-09,11,113.7294323860001,8.162065561588161e-09,False,820,8.162065661588161e-09
72,1e-10,atol,-2.0,,,True,148.07410276799965,1.6481689022029641e-09,12,128.96174930799998,3.4272640715902148e-09,False,929,3.4272641715902148e-09
73,1e-10,atol,-2.0,,,True,148.07410276799965,1.6481689022029641e-09,13,148.0389058239998,1.6481689022029641e-09,False,1064,1.6481690022029642e-09
74,1e-10,artol,0.5,1.0,0.5,False,662.8388910459998,1.2398185034615832e-08,1,1.4248638710000705,0.40844016750283707,False,7,0.4084401675028372
75,1e-10,artol,0.5,1.0,0.5,False,662.8388910459998,1.2398185034615832e-08,2,2.078494917000171,0.3688868005295921,False,9,0.3688868005295922
76,1e-10,artol,0.5,1.0,0.5,False,662.8388910459998,1.2398185034615832e-08,3,4.278721452999889,0.1913494331224039,False,22,0.19134943312240402
77,1e-10,artol,0.5,1.0,0.5,False,662.8388910459998,1.2398185034615832e-08,4,13.746686774999944,0.09322880984491413,False,90,0.09322880984491423
78,1e-10,artol,0.5,1.0,0.5,False,662.8388910459998,1.2398185034615832e-08,5,17.80348726200009,0.03551533684313811,False,117,0.03551533684313821
79,1e-10,artol,0.5,1.0,0.5,False,662.8388910459998,1.2398185034615832e-08,6,23.43949882300012,0.013543250554847851,False,156,0.013543250554847952
80,1e-10,artol,0.5,1.0,0.5,False,662.8388910459998,1.2398185034615832e-08,7,30.601161071000206,0.005129208784666284,False,205,0.005129208784666384
81,1e-10,artol,0.5,1.0,0.5,False,662.8388910459998,1.2398185034615832e-08,8,39.24149141099997,0.0019194121374115727,False,265,0.0019194121374116726
82,1e-10,artol,0.5,1.0,0.5,False,662.8388910459998,1.2398185034615832e-08,9,48.795379650000086,0.0007137991149570585,False,334,0.0007137991149571585
83,1e-10,artol,0.5,1.0,0.5,False,662.8388910459998,1.2398185034615832e-08,10,60.61929671200005,0.0002646257697627674,False,416,0.00026462576976286743
84,1e-10,artol,0.5,1.0,0.5,False,662.8388910459998,1.2398185034615832e-08,11,74.7913200009998,9.785766493635258e-05,False,517,9.785766493645259e-05
85,1e-10,artol,0.5,1.0,0.5,False,662.8388910459998,1.2398185034615832e-08,12,92.71334870499959,3.612298565990509e-05,False,643,3.612298566000509e-05
86,1e-10,artol,0.5,1.0,0.5,False,662.8388910459998,1.2398185034615832e-08,13,115.50785629099983,1.331835625841418e-05,False,807,1.331835625851418e-05
87,1e-10,artol,0.5,1.0,0.5,False,662.8388910459998,1.2398185034615832e-08,14,145.49787453999943,4.906363118180141e-06,False,1022,4.9063631182801405e-06
88,1e-10,artol,0.5,1.0,0.5,False,662.8388910459998,1.2398185034615832e-08,15,184.37983622899947,1.8065596273685696e-06,False,1301,1.8065596274685697e-06
89,1e-10,artol,0.5,1.0,0.5,False,662.8388910459998,1.2398185034615832e-08,16,235.39332125099918,6.650370332019887e-07,False,1672,6.650370333019887e-07
90,1e-10,artol,0.5,1.0,0.5,False,662.8388910459998,1.2398185034615832e-08,17,302.504274642999,2.448347171789749e-07,False,2159,2.448347172789749e-07
91,1e-10,artol,0.5,1.0,0.5,False,662.8388910459998,1.2398185034615832e-08,18,389.99440486199865,9.020183560203818e-08,False,2804,9.020183570203818e-08
92,1e-10,artol,0.5,1.0,0.5,False,662.8388910459998,1.2398185034615832e-08,19,507.4251528179984,3.3314887560343964e-08,False,3663,3.3314887660343965e-08
93,1e-10,artol,0.5,1.0,0.5,False,662.8388910459998,1.2398185034615832e-08,20,662.8030153009981,1.2398185034615832e-08,False,4799,1.2398185134615832e-08
94,1e-10,artol,0.5,1.0,0.5,True,662.7386785889998,1.2398185034615832e-08,1,1.3352184980003585,0.40844016750283707,False,7,0.4084401675028372
95,1e-10,artol,0.5,1.0,0.5,True,662.7386785889998,1.2398185034615832e-08,2,1.9760424230003082,0.3688868005295921,False,9,0.3688868005295922
96,1e-10,artol,0.5,1.0,0.5,True,662.7386785889998,1.2398185034615832e-08,3,4.097217645000455,0.1913494331224039,False,22,0.19134943312240402
97,1e-10,artol,0.5,1.0,0.5,True,662.7386785889998,1.2398185034615832e-08,4,13.79187309200006,0.09322880984491413,False,90,0.09322880984491423
98,1e-10,artol,0.5,1.0,0.5,True,662.7386785889998,1.2398185034615832e-08,5,17.960186973999953,0.03551533684313811,False,117,0.03551533684313821
99,1e-10,artol,0.5,1.0,0.5,True,662.7386785889998,1.2398185034615832e-08,6,23.65078435300029,0.013543250554847851,False,156,0.013543250554847952
100,1e-10,artol,0.5,1.0,0.5,True,662.7386785889998,1.2398185034615832e-08,7,30.524507619999895,0.005129208784666284,False,205,0.005129208784666384
101,1e-10,artol,0.5,1.0,0.5,True,662.7386785889998,1.2398185034615832e-08,8,38.998733941999944,0.0019194121374115727,False,265,0.0019194121374116726
102,1e-10,artol,0.5,1.0,0.5,True,662.7386785889998,1.2398185034615832e-08,9,48.85591688800014,0.0007137991149570585,False,334,0.0007137991149571585
103,1e-10,artol,0.5,1.0,0.5,True,662.7386785889998,1.2398185034615832e-08,10,60.49785365300022,0.0002646257697627674,False,416,0.00026462576976286743
104,1e-10,artol,0.5,1.0,0.5,True,662.7386785889998,1.2398185034615832e-08,11,74.58701490300018,9.785766493635258e-05,False,517,9.785766493645259e-05
105,1e-10,artol,0.5,1.0,0.5,True,662.7386785889998,1.2398185034615832e-08,12,92.20526245700012,3.612298565990509e-05,False,643,3.612298566000509e-05
106,1e-10,artol,0.5,1.0,0.5,True,662.7386785889998,1.2398185034615832e-08,13,115.18139139999994,1.331835625841418e-05,False,807,1.331835625851418e-05
107,1e-10,artol,0.5,1.0,0.5,True,662.7386785889998,1.2398185034615832e-08,14,145.17515843399997,4.906363118180141e-06,False,1022,4.9063631182801405e-06
108,1e-10,artol,0.5,1.0,0.5,True,662.7386785889998,1.2398185034615832e-08,15,184.14631207599996,1.8065596273685696e-06,False,1301,1.8065596274685697e-06
109,1e-10,artol,0.5,1.0,0.5,True,662.7386785889998,1.2398185034615832e-08,16,235.57276683200007,6.650370332019887e-07,False,1672,6.650370333019887e-07
110,1e-10,artol,0.5,1.0,0.5,True,662.7386785889998,1.2398185034615832e-08,17,302.70645190799996,2.448347171789749e-07,False,2159,2.448347172789749e-07
111,1e-10,artol,0.5,1.0,0.5,True,662.7386785889998,1.2398185034615832e-08,18,391.58888336200016,9.020183560203818e-08,False,2804,9.020183570203818e-08
112,1e-10,artol,0.5,1.0,0.5,True,662.7386785889998,1.2398185034615832e-08,19,509.1433671,3.3314887560343964e-08,False,3663,3.3314887660343965e-08
113,1e-10,artol,0.5,1.0,0.5,True,662.7386785889998,1.2398185034615832e-08,20,662.70524879,1.2398185034615832e-08,False,4799,1.2398185134615832e-08
114,1e-10,artol,0.5,2.0,0.5,False,448.08223012300004,1.550431148260509e-08,1,0.9223680590002914,1.008951395217073,False,4,1.008951395217073
115,1e-10,artol,0.5,2.0,0.5,False,448.08223012300004,1.550431148260509e-08,2,1.4300469730001169,0.9519817763918926,False,5,0.9519817763918927
116,1e-10,artol,0.5,2.0,0.5,False,448.08223012300004,1.550431148260509e-08,3,4.111408704000041,0.40882247414338896,False,23,0.40882247414338907
117,1e-10,artol,0.5,2.0,0.5,False,448.08223012300004,1.550431148260509e-08,4,7.2811023670001305,0.14147568229014976,False,45,0.14147568229014987
118,1e-10,artol,0.5,2.0,0.5,False,448.08223012300004,1.550431148260509e-08,5,11.337261102999946,0.04687591627482425,False,73,0.04687591627482435
119,1e-10,artol,0.5,2.0,0.5,False,448.08223012300004,1.550431148260509e-08,6,15.548933987000055,0.016954352999819525,False,102,0.016954352999819625
120,1e-10,artol,0.5,2.0,0.5,False,448.08223012300004,1.550431148260509e-08,7,20.038003361000392,0.006420345313165562,False,133,0.006420345313165662
121,1e-10,artol,0.5,2.0,0.5,False,448.08223012300004,1.550431148260509e-08,8,24.680321059000562,0.0023989522730622718,False,166,0.002398952273062372
122,1e-10,artol,0.5,2.0,0.5,False,448.08223012300004,1.550431148260509e-08,9,29.495638109000538,0.0008915048734082199,False,200,0.0008915048734083198
123,1e-10,artol,0.5,2.0,0.5,False,448.08223012300004,1.550431148260509e-08,10,34.40156165600047,0.00033065623585956894,False,235,0.00033065623585966895
124,1e-10,artol,0.5,2.0,0.5,False,448.08223012300004,1.550431148260509e-08,11,39.83042800400062,0.00012242187814200285,False,273,0.00012242187814210284
125,1e-10,artol,0.5,2.0,0.5,False,448.08223012300004,1.550431148260509e-08,12,48.88940450700056,4.524501885659979e-05,False,335,4.524501885669979e-05
126,1e-10,artol,0.5,2.0,0.5,False,448.08223012300004,1.550431148260509e-08,13,61.641826770000534,1.6695911466152362e-05,False,423,1.6695911466252363e-05
127,1e-10,artol,0.5,2.0,0.5,False,448.08223012300004,1.550431148260509e-08,14,79.38283013300088,6.154259226351586e-06,False,551,6.154259226451586e-06
128,1e-10,artol,0.5,2.0,0.5,False,448.08223012300004,1.550431148260509e-08,15,102.90576250800086,2.2669472455187382e-06,False,725,2.266947245618738e-06
129,1e-10,artol,0.5,2.0,0.5,False,448.08223012300004,1.550431148260509e-08,16,136.80874801900063,8.347106293312803e-07,False,970,8.347106294312803e-07
130,1e-10,artol,0.5,2.0,0.5,False,448.08223012300004,1.550431148260509e-08,17,182.95846884900084,3.073203447792669e-07,False,1304,3.073203448792669e-07
131,1e-10,artol,0.5,2.0,0.5,False,448.08223012300004,1.550431148260509e-08,18,246.0736008110007,1.1319988766334939e-07,False,1762,1.1319988776334938e-07
132,1e-10,artol,0.5,2.0,0.5,False,448.08223012300004,1.550431148260509e-08,19,332.17648256800067,4.1773188118941074e-08,False,2385,4.1773188218941076e-08
133,1e-10,artol,0.5,2.0,0.5,False,448.08223012300004,1.550431148260509e-08,20,448.045831756001,1.550431148260509e-08,False,3224,1.5504311582605088e-08
134,1e-10,artol,-1.0,,,False,156.6861551030006,0.014429066132883745,1,0.8553597740001351,1.591008224071199,False,3,1.591008224071199
135,1e-10,artol,-1.0,,,False,156.6861551030006,0.014429066132883745,2,1.3657497439999133,1.5462243475408561,False,4,1.5462243475408561
136,1e-10,artol,-1.0,,,False,156.6861551030006,0.014429066132883745,3,64.16577525299999,0.08294838840558638,False,457,0.08294838840558648
137,1e-10,artol,-1.0,,,False,156.6861551030006,0.014429066132883745,4,64.94938167200053,0.07377407162675816,False,460,0.07377407162675825
138,1e-10,artol,-1.0,,,False,156.6861551030006,0.014429066132883745,5,136.45002003100126,0.06730680835127997,False,981,0.06730680835128007
139,1e-10,artol,-1.0,,,False,156.6861551030006,0.014429066132883745,6,137.51766480800143,0.050045536680008544,False,986,0.05004553668000864
140,1e-10,artol,-1.0,,,False,156.6861551030006,0.014429066132883745,7,147.36408129600113,0.02584306333042346,False,1056,0.02584306333042356
141,1e-10,artol,-1.0,,,False,156.6861551030006,0.014429066132883745,8,148.02738526900157,0.025360015456734598,False,1058,0.0253600154567347
142,1e-10,artol,-1.0,,,False,156.6861551030006,0.014429066132883745,9,150.4979028300013,0.016815607809885703,False,1073,0.016815607809885804
143,1e-10,artol,-1.0,,,False,156.6861551030006,0.014429066132883745,10,151.45366574500167,0.01466355963250203,False,1077,0.01466355963250213
144,1e-10,artol,-1.0,,,False,156.6861551030006,0.014429066132883745,11,151.98031337800148,0.014643491482232948,False,1078,0.014643491482233048
145,1e-10,artol,-1.0,,,False,156.6861551030006,0.014429066132883745,12,152.51512632800222,0.014624593854288078,False,1079,0.014624593854288178
146,1e-10,artol,-1.0,,,False,156.6861551030006,0.014429066132883745,13,153.0464664120018,0.014595044475999856,False,1080,0.014595044475999956
147,1e-10,artol,-1.0,,,False,156.6861551030006,0.014429066132883745,14,153.5815262210017,0.014573381599157402,False,1081,0.014573381599157503
148,1e-10,artol,-1.0,,,False,156.6861551030006,0.014429066132883745,15,154.10335411500182,0.014544965095827306,False,1082,0.014544965095827407
149,1e-10,artol,-1.0,,,False,156.6861551030006,0.014429066132883745,16,154.61902297100187,0.014524054820445501,False,1083,0.014524054820445602
150,1e-10,artol,-1.0,,,False,156.6861551030006,0.014429066132883745,17,155.140731581002,0.014496459748313414,False,1084,0.014496459748313515
151,1e-10,artol,-1.0,,,False,156.6861551030006,0.014429066132883745,18,155.64681052500237,0.014476051099054192,False,1085,0.014476051099054293
152,1e-10,artol,-1.0,,,False,156.6861551030006,0.014429066132883745,19,156.15666066700305,0.014449055953896615,False,1086,0.014449055953896716
153,1e-10,artol,-1.0,,,False,156.6861551030006,0.014429066132883745,20,156.653721159003,0.014429066132883743,False,1087,0.014429066132883844
154,1e-10,artol,-1.0,,,True,156.20074364599986,0.014429066132883745,1,0.8132543020001322,1.591008224071199,False,3,1.591008224071199
155,1e-10,artol,-1.0,,,True,156.20074364599986,0.014429066132883745,2,1.2983429000005344,1.5462243475408561,False,4,1.5462243475408561
156,1e-10,artol,-1.0,,,True,156.20074364599986,0.014429066132883745,3,63.83249485500073,0.08294838840558638,False,457,0.08294838840558648
157,1e-10,artol,-1.0,,,True,156.20074364599986,0.014429066132883745,4,64.63123297100083,0.07377407162675816,False,460,0.07377407162675825
158,1e-10,artol,-1.0,,,True,156.20074364599986,0.014429066132883745,5,136.33989563000068,0.06730680835127997,False,981,0.06730680835128007
159,1e-10,artol,-1.0,,,True,156.20074364599986,0.014429066132883745,6,137.3927912520012,0.050045536680008544,False,986,0.05004553668000864
160,1e-10,artol,-1.0,,,True,156.20074364599986,0.014429066132883745,7,147.04859732600107,0.02584306333042346,False,1056,0.02584306333042356
161,1e-10,artol,-1.0,,,True,156.20074364599986,0.014429066132883745,8,147.70854849900115,0.025360015456734598,False,1058,0.0253600154567347
162,1e-10,artol,-1.0,,,True,156.20074364599986,0.014429066132883745,9,150.12189285900058,0.016815607809885703,False,1073,0.016815607809885804
163,1e-10,artol,-1.0,,,True,156.20074364599986,0.014429066132883745,10,151.04637726200053,0.01466355963250203,False,1077,0.01466355963250213
164,1e-10,artol,-1.0,,,True,156.20074364599986,0.014429066132883745,11,151.56795133800097,0.014643491482232948,False,1078,0.014643491482233048
165,1e-10,artol,-1.0,,,True,156.20074364599986,0.014429066132883745,12,152.08869464300096,0.014624593854288078,False,1079,0.014624593854288178
166,1e-10,artol,-1.0,,,True,156.20074364599986,0.014429066132883745,13,152.61441739600104,0.014595044475999856,False,1080,0.014595044475999956
167,1e-10,artol,-1.0,,,True,156.20074364599986,0.014429066132883745,14,153.12655264000114,0.014573381599157402,False,1081,0.014573381599157503
168,1e-10,artol,-1.0,,,True,156.20074364599986,0.014429066132883745,15,153.66587977600102,0.014544965095827306,False,1082,0.014544965095827407
169,1e-10,artol,-1.0,,,True,156.20074364599986,0.014429066132883745,16,154.17339017300037,0.014524054820445501,False,1083,0.014524054820445602
170,1e-10,artol,-1.0,,,True,156.20074364599986,0.014429066132883745,17,154.6766401190007,0.014496459748313414,False,1084,0.014496459748313515
171,1e-10,artol,-1.0,,,True,156.20074364599986,0.014429066132883745,18,155.18219424100153,0.014476051099054192,False,1085,0.014476051099054293
172,1e-10,artol,-1.0,,,True,156.20074364599986,0.014429066132883745,19,155.67887852900185,0.014449055953896615,False,1086,0.014449055953896716
173,1e-10,artol,-1.0,,,True,156.20074364599986,0.014429066132883745,20,156.1683510360017,0.014429066132883743,False,1087,0.014429066132883844
174,1e-10,artol,-2.0,,,False,86.93238443500013,0.009561908424834193,1,0.7965294109999377,1.591008224071199,False,3,1.591008224071199
175,1e-10,artol,-2.0,,,False,86.93238443500013,0.009561908424834193,2,1.284046474999741,1.5462243475408561,False,4,1.5462243475408561
176,1e-10,artol,-2.0,,,False,86.93238443500013,0.009561908424834193,3,10.05759214400041,0.09626607424245151,False,67,0.09626607424245161
177,1e-10,artol,-2.0,,,False,86.93238443500013,0.009561908424834193,4,10.565876610000487,0.08955087110071229,False,68,0.08955087110071239
178,1e-10,artol,-2.0,,,False,86.93238443500013,0.009561908424834193,5,12.972495093000362,0.04247676703804182,False,83,0.042476767038041915
179,1e-10,artol,-2.0,,,False,86.93238443500013,0.009561908424834193,6,16.238027905999843,0.021154324837725388,False,104,0.02115432483772549
180,1e-10,artol,-2.0,,,False,86.93238443500013,0.009561908424834193,7,21.29125243499948,0.021113542316358234,False,137,0.021113542316358334
181,1e-10,artol,-2.0,,,False,86.93238443500013,0.009561908424834193,8,21.824144442999568,0.020573050393574564,False,138,0.020573050393574665
182,1e-10,artol,-2.0,,,False,86.93238443500013,0.009561908424834193,9,78.71821042400006,0.01615101030059199,False,550,0.01615101030059209
183,1e-10,artol,-2.0,,,False,86.93238443500013,0.009561908424834193,10,79.49263173500003,0.01445067535410044,False,553,0.01445067535410054
184,1e-10,artol,-2.0,,,False,86.93238443500013,0.009561908424834193,11,82.39509008999994,0.009690037936251828,False,572,0.009690037936251929
185,1e-10,artol,-2.0,,,False,86.93238443500013,0.009561908424834193,12,82.89535840099961,0.009648463838583827,False,573,0.009648463838583927
186,1e-10,artol,-2.0,,,False,86.93238443500013,0.009561908424834193,13,83.40061676199912,0.009633076950881758,False,574,0.009633076950881858
187,1e-10,artol,-2.0,,,False,86.93238443500013,0.009561908424834193,14,83.9204666279993,0.009621782108435124,False,575,0.009621782108435225
188,1e-10,artol,-2.0,,,False,86.93238443500013,0.009561908424834193,15,84.4227522229994,0.00961118495567477,False,576,0.009611184955674871
189,1e-10,artol,-2.0,,,False,86.93238443500013,0.009561908424834193,16,84.91906942300011,0.009601393565467993,False,577,0.009601393565468094
190,1e-10,artol,-2.0,,,False,86.93238443500013,0.009561908424834193,17,85.4101345529998,0.009590881699506356,False,578,0.009590881699506457
191,1e-10,artol,-2.0,,,False,86.93238443500013,0.009561908424834193,18,85.90446091899958,0.009581375008162174,False,579,0.009581375008162274
192,1e-10,artol,-2.0,,,False,86.93238443500013,0.009561908424834193,19,86.3987832139992,0.009571149190855305,False,580,0.009571149190855405
193,1e-10,artol,-2.0,,,False,86.93238443500013,0.009561908424834193,20,86.89909751999949,0.009561908424834197,False,581,0.009561908424834297
194,1e-10,artol,-2.0,,,True,90.36213541900088,0.007485011343507944,1,0.820433069999126,1.591008224071199,False,3,1.591008224071199
195,1e-10,artol,-2.0,,,True,90.36213541900088,0.007485011343507944,2,1.3111023519986702,1.5462243475408561,False,4,1.5462243475408561
196,1e-10,artol,-2.0,,,True,90.36213541900088,0.007485011343507944,3,10.087204260998988,0.09626607424245151,False,67,0.09626607424245161
197,1e-10,artol,-2.0,,,True,90.36213541900088,0.007485011343507944,4,10.612967664998905,0.08955087110071229,False,68,0.08955087110071239
198,1e-10,artol,-2.0,,,True,90.36213541900088,0.007485011343507944,5,13.054712534999453,0.04247676703804182,False,83,0.042476767038041915
199,1e-10,artol,-2.0,,,True,90.36213541900088,0.007485011343507944,6,16.29741960299907,0.021154324837725388,False,104,0.02115432483772549
200,1e-10,artol,-2.0,,,True,90.36213541900088,0.007485011343507944,7,21.174842681999507,0.021113542316358234,False,137,0.021113542316358334
201,1e-10,artol,-2.0,,,True,90.36213541900088,0.007485011343507944,8,21.69658969199918,0.020573050393574564,False,138,0.020573050393574665
202,1e-10,artol,-2.0,,,True,90.36213541900088,0.007485011343507944,9,78.7721718949997,0.01615101030059199,False,550,0.01615101030059209
203,1e-10,artol,-2.0,,,True,90.36213541900088,0.007485011343507944,10,82.34918746399944,0.010112407801032368,False,573,0.010112407801032468
204,1e-10,artol,-2.0,,,True,90.36213541900088,0.007485011343507944,11,85.82879598,0.007565378203240296,False,596,0.007565378203240396
205,1e-10,artol,-2.0,,,True,90.36213541900088,0.007485011343507944,12,86.33940528400035,0.007559024678831914,False,597,0.007559024678832014
206,1e-10,artol,-2.0,,,True,90.36213541900088,0.007485011343507944,13,86.85003906400016,0.007542059577827093,False,598,0.007542059577827193
207,1e-10,artol,-2.0,,,True,90.36213541900088,0.007485011343507944,14,87.36412256200038,0.007535222192519738,False,599,0.007535222192519838
208,1e-10,artol,-2.0,,,True,90.36213541900088,0.007485011343507944,15,87.85749399100041,0.00752445646254428,False,600,0.00752445646254438
209,1e-10,artol,-2.0,,,True,90.36213541900088,0.007485011343507944,16,88.3504811949997,0.00751738197089088,False,601,0.00751738197089098
210,1e-10,artol,-2.0,,,True,90.36213541900088,0.007485011343507944,17,88.84710165599972,0.007507209544135406,False,602,0.007507209544135506
211,1e-10,artol,-2.0,,,True,90.36213541900088,0.007485011343507944,18,89.33966551199956,0.007500673811575154,False,603,0.007500673811575253
212,1e-10,artol,-2.0,,,True,90.36213541900088,0.007485011343507944,19,89.82946240699948,0.007491120572399772,False,604,0.007491120572399872
213,1e-10,artol,-2.0,,,True,90.36213541900088,0.007485011343507944,20,90.32453065899972,0.007485011343507945,False,605,0.007485011343508045
214,1e-10,qtol,0.5,1.0,0.5,False,107.76320802699956,1.0170811516506293e-08,1,1.4550509250002506,0.40439138045174244,False,8,0.40439138045174255
215,1e-10,qtol,0.5,1.0,0.5,False,107.76320802699956,1.0170811516506293e-08,2,2.2193835449998005,0.3636220095116938,False,11,0.36362200951169393
216,1e-10,qtol,0.5,1.0,0.5,False,107.76320802699956,1.0170811516506293e-08,3,6.428156623999712,0.1289455103086997,False,40,0.1289455103086998
217,1e-10,qtol,0.5,1.0,0.5,False,107.76320802699956,1.0170811516506293e-08,4,11.499671663999834,0.04771797404802138,False,75,0.04771797404802148
218,1e-10,qtol,0.5,1.0,0.5,False,107.76320802699956,1.0170811516506293e-08,5,15.911943719999726,0.022064125248259892,False,104,0.022064125248259993
219,1e-10,qtol,0.5,1.0,0.5,False,107.76320802699956,1.0170811516506293e-08,6,21.305920066,0.008920828895776063,False,140,0.008920828895776164
220,1e-10,qtol,0.5,1.0,0.5,False,107.76320802699956,1.0170811516506293e-08,7,26.174811601999863,0.0036477197993024426,False,174,0.0036477197993025428
221,1e-10,qtol,0.5,1.0,0.5,False,107.76320802699956,1.0170811516506293e-08,8,31.06412140500015,0.0014350643306136146,False,208,0.0014350643306137146
222,1e-10,qtol,0.5,1.0,0.5,False,107.76320802699956,1.0170811516506293e-08,9,36.06042588300079,0.0005529384477919378,False,243,0.0005529384477920377
223,1e-10,qtol,0.5,1.0,0.5,False,107.76320802699956,1.0170811516506293e-08,10,41.60488538700065,0.00020739993402471194,False,281,0.00020739993402481193
224,1e-10,qtol,0.5,1.0,0.5,False,107.76320802699956,1.0170811516506293e-08,11,47.09752033800123,7.740409400460338e-05,False,319,7.740409400470339e-05
225,1e-10,qtol,0.5,1.0,0.5,False,107.76320802699956,1.0170811516506293e-08,12,52.48155018400121,2.8799972055944848e-05,False,357,2.879997205604485e-05
226,1e-10,qtol,0.5,1.0,0.5,False,107.76320802699956,1.0170811516506293e-08,13,57.87040226700174,1.069185612284932e-05,False,395,1.069185612294932e-05
227,1e-10,qtol,0.5,1.0,0.5,False,107.76320802699956,1.0170811516506293e-08,14,63.70008930400218,3.955912443756097e-06,False,436,3.955912443856097e-06
228,1e-10,qtol,0.5,1.0,0.5,False,107.76320802699956,1.0170811516506293e-08,15,69.64585354800238,1.4621562302971692e-06,False,478,1.4621562303971693e-06
229,1e-10,qtol,0.5,1.0,0.5,False,107.76320802699956,1.0170811516506293e-08,16,76.05588298500243,5.400350747413831e-07,False,522,5.400350748413831e-07
230,1e-10,qtol,0.5,1.0,0.5,False,107.76320802699956,1.0170811516506293e-08,17,83.0085205100022,1.9927134035727998e-07,False,570,1.9927134045727998e-07
231,1e-10,qtol,0.5,1.0,0.5,False,107.76320802699956,1.0170811516506293e-08,18,91.06734759300252,7.355018938218217e-08,False,627,7.355018948218217e-08
232,1e-10,qtol,0.5,1.0,0.5,False,107.76320802699956,1.0170811516506293e-08,19,98.59588109600281,2.7228672879695312e-08,False,681,2.722867297969531e-08
233,1e-10,qtol,0.5,1.0,0.5,False,107.76320802699956,1.0170811516506293e-08,20,107.72893007800303,1.0170811516506293e-08,False,746,1.0170811616506293e-08
234,1e-10,qtol,0.5,1.0,0.5,True,109.40549346200078,1.0170811516506293e-08,1,1.5176106380004057,0.40439138045174244,False,8,0.40439138045174255
235,1e-10,qtol,0.5,1.0,0.5,True,109.40549346200078,1.0170811516506293e-08,2,2.320795528999952,0.3636220095116938,False,11,0.36362200951169393
236,1e-10,qtol,0.5,1.0,0.5,True,109.40549346200078,1.0170811516506293e-08,3,6.7116832929996235,0.1289455103086997,False,40,0.1289455103086998
237,1e-10,qtol,0.5,1.0,0.5,True,109.40549346200078,1.0170811516506293e-08,4,11.798845540999537,0.04771797404802138,False,75,0.04771797404802148
238,1e-10,qtol,0.5,1.0,0.5,True,109.40549346200078,1.0170811516506293e-08,5,16.058128426999247,0.022064125248259892,False,104,0.022064125248259993
239,1e-10,qtol,0.5,1.0,0.5,True,109.40549346200078,1.0170811516506293e-08,6,21.240802254999835,0.008920828895776063,False,140,0.008920828895776164
240,1e-10,qtol,0.5,1.0,0.5,True,109.40549346200078,1.0170811516506293e-08,7,26.258634672999506,0.0036477197993024426,False,174,0.0036477197993025428
241,1e-10,qtol,0.5,1.0,0.5,True,109.40549346200078,1.0170811516506293e-08,8,31.37104321700008,0.0014350643306136146,False,208,0.0014350643306137146
242,1e-10,qtol,0.5,1.0,0.5,True,109.40549346200078,1.0170811516506293e-08,9,36.63572989400018,0.0005529384477919378,False,243,0.0005529384477920377
243,1e-10,qtol,0.5,1.0,0.5,True,109.40549346200078,1.0170811516506293e-08,10,42.11473557299996,0.00020739993402471194,False,281,0.00020739993402481193
244,1e-10,qtol,0.5,1.0,0.5,True,109.40549346200078,1.0170811516506293e-08,11,47.53024803700009,7.740409400460338e-05,False,319,7.740409400470339e-05
245,1e-10,qtol,0.5,1.0,0.5,True,109.40549346200078,1.0170811516506293e-08,12,53.09393122599977,2.8799972055944848e-05,False,357,2.879997205604485e-05
246,1e-10,qtol,0.5,1.0,0.5,True,109.40549346200078,1.0170811516506293e-08,13,58.718456896000134,1.069185612284932e-05,False,395,1.069185612294932e-05
247,1e-10,qtol,0.5,1.0,0.5,True,109.40549346200078,1.0170811516506293e-08,14,64.7937588980003,3.955912443756097e-06,False,436,3.955912443856097e-06
248,1e-10,qtol,0.5,1.0,0.5,True,109.40549346200078,1.0170811516506293e-08,15,70.88705932500034,1.4621562302971692e-06,False,478,1.4621562303971693e-06
249,1e-10,qtol,0.5,1.0,0.5,True,109.40549346200078,1.0170811516506293e-08,16,77.26115521400061,5.400350747413831e-07,False,522,5.400350748413831e-07
250,1e-10,qtol,0.5,1.0,0.5,True,109.40549346200078,1.0170811516506293e-08,17,84.14327902300101,1.9927134035727998e-07,False,570,1.9927134045727998e-07
251,1e-10,qtol,0.5,1.0,0.5,True,109.40549346200078,1.0170811516506293e-08,18,92.28042992800056,7.355018938218217e-08,False,627,7.355018948218217e-08
252,1e-10,qtol,0.5,1.0,0.5,True,109.40549346200078,1.0170811516506293e-08,19,100.11082857600104,2.7228672879695312e-08,False,681,2.722867297969531e-08
253,1e-10,qtol,0.5,1.0,0.5,True,109.40549346200078,1.0170811516506293e-08,20,109.37209590100065,1.0170811516506293e-08,False,746,1.0170811616506293e-08
254,1e-10,qtol,-1.0,,,False,66.6938029339999,1.4288252489669024e-07,1,1.492440077999163,0.40439138045174244,False,8,0.40439138045174255
255,1e-10,qtol,-1.0,,,False,66.6938029339999,1.4288252489669024e-07,2,2.1263627019989144,0.36487520790016503,False,10,0.36487520790016514
256,1e-10,qtol,-1.0,,,False,66.6938029339999,1.4288252489669024e-07,3,4.971134307998909,0.1456878746536778,False,28,0.1456878746536779
257,1e-10,qtol,-1.0,,,False,66.6938029339999,1.4288252489669024e-07,4,9.8871060449992,0.0395317011133789,False,62,0.039531701113378996
258,1e-10,qtol,-1.0,,,False,66.6938029339999,1.4288252489669024e-07,5,12.526078764999511,0.029458391641360417,False,79,0.029458391641360517
259,1e-10,qtol,-1.0,,,False,66.6938029339999,1.4288252489669024e-07,6,16.849872969999524,0.012377816973550754,False,108,0.012377816973550854
260,1e-10,qtol,-1.0,,,False,66.6938029339999,1.4288252489669024e-07,7,20.102816298000107,0.007946247216229586,False,129,0.007946247216229687
261,1e-10,qtol,-1.0,,,False,66.6938029339999,1.4288252489669024e-07,8,23.285229039000114,0.0036876871068166612,False,149,0.0036876871068167614
262,1e-10,qtol,-1.0,,,False,66.6938029339999,1.4288252489669024e-07,9,26.43493297600071,0.0019997650871797163,False,169,0.0019997650871798165
263,1e-10,qtol,-1.0,,,False,66.6938029339999,1.4288252489669024e-07,10,30.396782048000205,0.000809537275582975,False,195,0.000809537275583075
264,1e-10,qtol,-1.0,,,False,66.6938029339999,1.4288252489669024e-07,11,34.02897744500024,0.0003472414995488382,False,219,0.0003472414995489382
265,1e-10,qtol,-1.0,,,False,66.6938029339999,1.4288252489669024e-07,12,37.502185311000176,0.0001424934219021885,False,242,0.0001424934219022885
266,1e-10,qtol,-1.0,,,False,66.6938029339999,1.4288252489669024e-07,13,40.90851307899993,6.049349885165088e-05,False,265,6.0493498851750874e-05
267,1e-10,qtol,-1.0,,,False,66.6938029339999,1.4288252489669024e-07,14,44.68387286300003,2.5051816336572828e-05,False,290,2.505181633667283e-05
268,1e-10,qtol,-1.0,,,False,66.6938029339999,1.4288252489669024e-07,15,48.25127487499958,1.0680958092795466e-05,False,313,1.0680958092895467e-05
269,1e-10,qtol,-1.0,,,False,66.6938029339999,1.4288252489669024e-07,16,51.835885630999655,4.964821728950039e-06,False,336,4.964821729050039e-06
270,1e-10,qtol,-1.0,,,False,66.6938029339999,1.4288252489669024e-07,17,56.12064251799984,1.938052247789024e-06,False,364,1.938052247889024e-06
271,1e-10,qtol,-1.0,,,False,66.6938029339999,1.4288252489669024e-07,18,59.87124027399932,7.680508920619604e-07,False,389,7.680508921619604e-07
272,1e-10,qtol,-1.0,,,False,66.6938029339999,1.4288252489669024e-07,19,63.22922794099941,3.198888794068875e-07,False,411,3.1988887950688754e-07
273,1e-10,qtol,-1.0,,,False,66.6938029339999,1.4288252489669024e-07,20,66.66024465899955,1.4288252489669024e-07,False,434,1.4288252499669024e-07
274,1e-10,qtol,-1.0,,,True,66.61271333499917,1.4288252489669024e-07,1,1.4664651389994106,0.40439138045174244,False,8,0.40439138045174255
275,1e-10,qtol,-1.0,,,True,66.61271333499917,1.4288252489669024e-07,2,2.1055082269986087,0.36487520790016503,False,10,0.36487520790016514
276,1e-10,qtol,-1.0,,,True,66.61271333499917,1.4288252489669024e-07,3,4.904814274998898,0.1456878746536778,False,28,0.1456878746536779
277,1e-10,qtol,-1.0,,,True,66.61271333499917,1.4288252489669024e-07,4,9.930402370999218,0.0395317011133789,False,62,0.039531701113378996
278,1e-10,qtol,-1.0,,,True,66.61271333499917,1.4288252489669024e-07,5,12.614811499999632,0.029458391641360417,False,79,0.029458391641360517
279,1e-10,qtol,-1.0,,,True,66.61271333499917,1.4288252489669024e-07,6,16.999006850000114,0.012377816973550754,False,108,0.012377816973550854
280,1e-10,qtol,-1.0,,,True,66.61271333499917,1.4288252489669024e-07,7,20.200040633000754,0.007946247216229586,False,129,0.007946247216229687
281,1e-10,qtol,-1.0,,,True,66.61271333499917,1.4288252489669024e-07,8,23.231019682000806,0.0036876871068166612,False,149,0.0036876871068167614
282,1e-10,qtol,-1.0,,,True,66.61271333499917,1.4288252489669024e-07,9,26.23330677500053,0.0019997650871797163,False,169,0.0019997650871798165
283,1e-10,qtol,-1.0,,,True,66.61271333499917,1.4288252489669024e-07,10,30.115154710000752,0.000809537275582975,False,195,0.000809537275583075
284,1e-10,qtol,-1.0,,,True,66.61271333499917,1.4288252489669024e-07,11,33.80786643400006,0.0003472414995488382,False,219,0.0003472414995489382
285,1e-10,qtol,-1.0,,,True,66.61271333499917,1.4288252489669024e-07,12,37.465079618000345,0.0001424934219021885,False,242,0.0001424934219022885
286,1e-10,qtol,-1.0,,,True,66.61271333499917,1.4288252489669024e-07,13,41.065759267999965,6.049349885165088e-05,False,265,6.0493498851750874e-05
287,1e-10,qtol,-1.0,,,True,66.61271333499917,1.4288252489669024e-07,14,44.7854183139998,2.5051816336572828e-05,False,290,2.505181633667283e-05
288,1e-10,qtol,-1.0,,,True,66.61271333499917,1.4288252489669024e-07,15,48.182673871999214,1.0680958092795466e-05,False,313,1.0680958092895467e-05
289,1e-10,qtol,-1.0,,,True,66.61271333499917,1.4288252489669024e-07,16,51.59466715799954,4.964821728950039e-06,False,336,4.964821729050039e-06
290,1e-10,qtol,-1.0,,,True,66.61271333499917,1.4288252489669024e-07,17,55.721608201999516,1.938052247789024e-06,False,364,1.938052247889024e-06
291,1e-10,qtol,-1.0,,,True,66.61271333499917,1.4288252489669024e-07,18,59.5621021019997,7.680508920619604e-07,False,389,7.680508921619604e-07
292,1e-10,qtol,-1.0,,,True,66.61271333499917,1.4288252489669024e-07,19,62.99565849099963,3.198888794068875e-07,False,411,3.1988887950688754e-07
293,1e-10,qtol,-1.0,,,True,66.61271333499917,1.4288252489669024e-07,20,66.57745090499975,1.4288252489669024e-07,False,434,1.4288252499669024e-07
294,1e-10,qtol,-2.0,,,False,72.61170386699996,3.784104349250083e-08,1,1.501728305999677,0.40439138045174244,False,8,0.40439138045174255
295,1e-10,qtol,-2.0,,,False,72.61170386699996,3.784104349250083e-08,2,2.1481630649996077,0.36487520790016503,False,10,0.36487520790016514
296,1e-10,qtol,-2.0,,,False,72.61170386699996,3.784104349250083e-08,3,4.920777684999848,0.1456878746536778,False,28,0.1456878746536779
297,1e-10,qtol,-2.0,,,False,72.61170386699996,3.784104349250083e-08,4,9.764799288999711,0.0395317011133789,False,62,0.039531701113378996
298,1e-10,qtol,-2.0,,,False,72.61170386699996,3.784104349250083e-08,5,14.263226340000074,0.016827750579731696,False,93,0.016827750579731796
299,1e-10,qtol,-2.0,,,False,72.61170386699996,3.784104349250083e-08,6,18.623890185000164,0.0074935400053635385,False,122,0.007493540005363638
300,1e-10,qtol,-2.0,,,False,72.61170386699996,3.784104349250083e-08,7,22.87314316999982,0.0032250181333111512,False,150,0.0032250181333112514
301,1e-10,qtol,-2.0,,,False,72.61170386699996,3.784104349250083e-08,8,27.06529353499991,0.0012724816395265962,False,178,0.0012724816395266961
302,1e-10,qtol,-2.0,,,False,72.61170386699996,3.784104349250083e-08,9,30.919530637999742,0.000561859299722907,False,204,0.000561859299723007
303,1e-10,qtol,-2.0,,,False,72.61170386699996,3.784104349250083e-08,10,34.77389888200014,0.00023511104260729343,False,230,0.00023511104260739342
304,1e-10,qtol,-2.0,,,False,72.61170386699996,3.784104349250083e-08,11,38.668443155000205,9.429182851222218e-05,False,256,9.429182851232218e-05
305,1e-10,qtol,-2.0,,,False,72.61170386699996,3.784104349250083e-08,12,42.68094676800047,3.7087714890924716e-05,False,282,3.7087714891024714e-05
306,1e-10,qtol,-2.0,,,False,72.61170386699996,3.784104349250083e-08,13,46.6455643850004,1.4489588486049189e-05,False,308,1.448958848614919e-05
307,1e-10,qtol,-2.0,,,False,72.61170386699996,3.784104349250083e-08,14,50.27098060900062,5.9007405699412435e-06,False,332,5.900740570041243e-06
308,1e-10,qtol,-2.0,,,False,72.61170386699996,3.784104349250083e-08,15,53.70113422100076,2.5555692339288066e-06,False,355,2.5555692340288065e-06
309,1e-10,qtol,-2.0,,,False,72.61170386699996,3.784104349250083e-08,16,57.95493183000144,9.931225780078645e-07,False,384,9.931225781078646e-07
310,1e-10,qtol,-2.0,,,False,72.61170386699996,3.784104349250083e-08,17,61.51239543700194,4.666735993421543e-07,False,407,4.6667359944215434e-07
311,1e-10,qtol,-2.0,,,False,72.61170386699996,3.784104349250083e-08,18,65.05545543500193,2.0577004880852917e-07,False,430,2.0577004890852916e-07
312,1e-10,qtol,-2.0,,,False,72.61170386699996,3.784104349250083e-08,19,69.04363792400181,8.420800118965073e-08,False,456,8.420800128965072e-08
313,1e-10,qtol,-2.0,,,False,72.61170386699996,3.784104349250083e-08,20,72.57737696400181,3.784104349250083e-08,False,479,3.784104359250083e-08
314,1e-10,qtol,-2.0,,,True,72.48304816000018,3.784104349250083e-08,1,1.4978335020005034,0.40439138045174244,False,8,0.40439138045174255
315,1e-10,qtol,-2.0,,,True,72.48304816000018,3.784104349250083e-08,2,2.141874476000339,0.36487520790016503,False,10,0.36487520790016514
316,1e-10,qtol,-2.0,,,True,72.48304816000018,3.784104349250083e-08,3,4.909414618000483,0.1456878746536778,False,28,0.1456878746536779
317,1e-10,qtol,-2.0,,,True,72.48304816000018,3.784104349250083e-08,4,9.789456697000787,0.0395317011133789,False,62,0.039531701113378996
318,1e-10,qtol,-2.0,,,True,72.48304816000018,3.784104349250083e-08,5,14.348861382000905,0.016827750579731696,False,93,0.016827750579731796
319,1e-10,qtol,-2.0,,,True,72.48304816000018,3.784104349250083e-08,6,18.742421367001043,0.0074935400053635385,False,122,0.007493540005363638
320,1e-10,qtol,-2.0,,,True,72.48304816000018,3.784104349250083e-08,7,22.960408625001037,0.0032250181333111512,False,150,0.0032250181333112514
321,1e-10,qtol,-2.0,,,True,72.48304816000018,3.784104349250083e-08,8,27.23492029100089,0.0012724816395265962,False,178,0.0012724816395266961
322,1e-10,qtol,-2.0,,,True,72.48304816000018,3.784104349250083e-08,9,31.12214285800019,0.000561859299722907,False,204,0.000561859299723007
323,1e-10,qtol,-2.0,,,True,72.48304816000018,3.784104349250083e-08,10,34.95824471100059,0.00023511104260729343,False,230,0.00023511104260739342
324,1e-10,qtol,-2.0,,,True,72.48304816000018,3.784104349250083e-08,11,38.7805595079999,9.429182851222218e-05,False,256,9.429182851232218e-05
325,1e-10,qtol,-2.0,,,True,72.48304816000018,3.784104349250083e-08,12,42.62495721399955,3.7087714890924716e-05,False,282,3.7087714891024714e-05
326,1e-10,qtol,-2.0,,,True,72.48304816000018,3.784104349250083e-08,13,46.55157616199904,1.4489588486049189e-05,False,308,1.448958848614919e-05
327,1e-10,qtol,-2.0,,,True,72.48304816000018,3.784104349250083e-08,14,50.26194871299958,5.9007405699412435e-06,False,332,5.900740570041243e-06
328,1e-10,qtol,-2.0,,,True,72.48304816000018,3.784104349250083e-08,15,53.809276943999066,2.5555692339288066e-06,False,355,2.5555692340288065e-06
329,1e-10,qtol,-2.0,,,True,72.48304816000018,3.784104349250083e-08,16,58.163649682998766,9.931225780078645e-07,False,384,9.931225781078646e-07
330,1e-10,qtol,-2.0,,,True,72.48304816000018,3.784104349250083e-08,17,61.63385003899839,4.666735993421543e-07,False,407,4.6667359944215434e-07
331,1e-10,qtol,-2.0,,,True,72.48304816000018,3.784104349250083e-08,18,65.0548748129986,2.0577004880852917e-07,False,430,2.0577004890852916e-07
332,1e-10,qtol,-2.0,,,True,72.48304816000018,3.784104349250083e-08,19,68.90590565599814,8.420800118965073e-08,False,456,8.420800128965072e-08
333,1e-10,qtol,-2.0,,,True,72.48304816000018,3.784104349250083e-08,20,72.44683675799843,3.784104349250083e-08,False,479,3.784104359250083e-08
334,1e-10,atol+artol,0.5,1.0,0.5,False,645.7037914330003,1.457919567486352e-08,1,1.3852422649988512,0.40844016750283707,False,7,0.4084401675028372
335,1e-10,atol+artol,0.5,1.0,0.5,False,645.7037914330003,1.457919567486352e-08,2,1.904043319998891,0.3671008937400298,False,8,0.3671008937400299
336,1e-10,atol+artol,0.5,1.0,0.5,False,645.7037914330003,1.457919567486352e-08,3,4.508519001999048,0.16061565412617151,False,24,0.16061565412617163
337,1e-10,atol+artol,0.5,1.0,0.5,False,645.7037914330003,1.457919567486352e-08,4,16.34837900799903,0.09182943307173157,False,106,0.09182943307173166
338,1e-10,atol+artol,0.5,1.0,0.5,False,645.7037914330003,1.457919567486352e-08,5,19.574108037999395,0.041039633030022955,False,127,0.04103963303002305
339,1e-10,atol+artol,0.5,1.0,0.5,False,645.7037914330003,1.457919567486352e-08,6,24.573835522999616,0.01581179237741115,False,161,0.01581179237741125
340,1e-10,atol+artol,0.5,1.0,0.5,False,645.7037914330003,1.457919567486352e-08,7,30.951685453998834,0.005983740542592743,False,206,0.005983740542592843
341,1e-10,atol+artol,0.5,1.0,0.5,False,645.7037914330003,1.457919567486352e-08,8,39.072700855998846,0.002243301443146174,False,262,0.002243301443146274
342,1e-10,atol+artol,0.5,1.0,0.5,False,645.7037914330003,1.457919567486352e-08,9,48.168558162999034,0.0008382394993749005,False,325,0.0008382394993750005
343,1e-10,atol+artol,0.5,1.0,0.5,False,645.7037914330003,1.457919567486352e-08,10,58.436567052998726,0.00031129147586665657,False,398,0.0003112914758667566
344,1e-10,atol+artol,0.5,1.0,0.5,False,645.7037914330003,1.457919567486352e-08,11,70.64580429799935,0.0001152949133283243,False,485,0.00011529491332842431
345,1e-10,atol+artol,0.5,1.0,0.5,False,645.7037914330003,1.457919567486352e-08,12,86.83830005799973,4.258529626744906e-05,False,599,4.2585296267549054e-05
346,1e-10,atol+artol,0.5,1.0,0.5,False,645.7037914330003,1.457919567486352e-08,13,107.2535137269997,1.5704813876249087e-05,False,747,1.5704813876349088e-05
347,1e-10,atol+artol,0.5,1.0,0.5,False,645.7037914330003,1.457919567486352e-08,14,135.93732323299992,5.785760793002298e-06,False,954,5.785760793102298e-06
348,1e-10,atol+artol,0.5,1.0,0.5,False,645.7037914330003,1.457919567486352e-08,15,173.93617468899993,2.1303686363293613e-06,False,1229,2.130368636429361e-06
349,1e-10,atol+artol,0.5,1.0,0.5,False,645.7037914330003,1.457919567486352e-08,16,224.22596529699968,7.84224706281452e-07,False,1594,7.84224706381452e-07
350,1e-10,atol+artol,0.5,1.0,0.5,False,645.7037914330003,1.457919567486352e-08,17,290.66851925899937,2.8869394896924694e-07,False,2075,2.8869394906924696e-07
351,1e-10,atol+artol,0.5,1.0,0.5,False,645.7037914330003,1.457919567486352e-08,18,378.98851703999935,1.0633786859776462e-07,False,2714,1.0633786869776461e-07
352,1e-10,atol+artol,0.5,1.0,0.5,False,645.7037914330003,1.457919567486352e-08,19,494.267699561,3.924950572345462e-08,False,3558,3.924950582345462e-08
353,1e-10,atol+artol,0.5,1.0,0.5,False,645.7037914330003,1.457919567486352e-08,20,645.6658538060001,1.457919567486352e-08,False,4681,1.457919577486352e-08
